{
    "loss": 21.711284637451172,
    "accuracy": 0.7622349858283997
}